dataset,motif,meth_type,characterized_motif
De_Donno,ACNNNNNNNNGT,,AC(N8)GT
De_Donno,CCANNNNNNTACC,6mA,CC6mA(N6)TACC
De_Donno,GCCAGG,6mA,GCC6mAGG
Red_Oak2,GACNNNNNNNGTC,6mA,G6mAC(N7)GTC
Red_Oak2,GAANNNNNNNCTC,6mA,GA6mA(N7)CTC
Red_Oak2,CCSGG,4mC,C4mCSGG
Red_Oak2,CGTACG,4mC,CGTA4mCG
LM10,GACNNNNNNNGTC,6mA,G6mAC(N7)GTC
LM10,GAGNNNNNTGA,6mA,G6mAG(N5)TGA
LM10,CCSGG,4mC,C4mCSGG
LM10,CGTACG,4mC,CGTA4mCG
LM10,GCCGGC,5mC,G5mCCGGC
Fillmore,GACNNNNNNNGTC,6mA,G6mAC(N7)GTC
Fillmore,GAGNNNNNTGA,6mA,G6mAG(N5)TGA
Fillmore,CCSGG,4mC,C4mCSGG
Fillmore,CGTACG,4mC,CGTA4mCG
Oak_35874,GAGNNNNNTGA,6mA,G6mAG(N5)TGA
Oak_35874,CGTACG,4mC,CGTA4mCG
LA_Y3C,CCANNNNNNTGG,6mA,CC6mA(N6)TGG
LA_Y3C,GAANNNNNNNTGT,6mA,GA6mA(N6)RTGT
LA_Y3C,CGTACG,4mC,CGTA4mCG
OC8,CGTACG,4mC,AG6mACC
Riv16,GACNNNNNNGTC,6mA,G6mAC(N6)GTC
Riv16,TTCGAA,6mA,TTCGA6mA
Riv19,TTCGAA,6mA,TTCGA6mA
Riv25,GACNNNNNNGTC,6mA,G6mAC(N6)GTC
Riv25,TTCGAA,6mA,TTCGA6mA
Temecula_1,GACNNNNNGTG,6mA,G6mAC(N5)GTG
Temecula_1,GATGNNNNNNNTCC,6mA,G6mATG(N7)TCC
Temecula_1,ATCGAT,5mC,AT5mCGAT
Temecula_1,TTCGAA,6mA,TTCGA6mA
Temecula_1,GCCAGG,6mA,GCC6mAGG
Bak8,GACNNNNNGTG,6mA,G6mAC(N5)GTG
Bak8,GATGNNNNNNNTCC,6mA,G6mATG(N7)TCC
Bak8,TTCGAA,6mA,TTCGA6mA
Bak8,GCCAGG,6mA,GCC6mAGG
Bak13,GACNNNNNGTG,6mA,G6mAC(N5)GTG
Bak13,GATGNNNNNNNTCC,6mA,G6mATG(N7)TCC
Bak13,ATCGAT,5mC,AT5mCGAT
Bak13,TTCGAA,6mA,TTCGA6mA
Bak13,GCCAGG,6mA,GCC6mAGG

