motif	meme	memechip	cisFinder	vCNN	CoMoS
CATCNNNNNNNCCA	Bak8				
CAACATCA	De_Donno				
CCCCNNNNCCG	Bak8				
CAATNNNNNNNCCA	OC8				
CCANNNNNNTGG		LA_Y3C		LA_Y3C	LA_Y3C
CAWCNNNSDC			Filmore		
TYGAA			Temecula_1		
CCARNNNNYTG			LA_Y3C		
ATCYTGA			Filmore		
GACVNNNNNGTC			Riv25		
AHCMNNNMCA			Red_Oak2		
CNWC			Riv16		
ATCC			Riv16		
ACGC			LA_Y3C,Filmore,Bak8		
CGGCMA			Temecula_1		
CACVCA			Bak13		
GWAMNNNNNNNNATC			Riv25		
GCGKTGTT			Riv19		
GNAANNNNNNCG				Bak13	
ANAA				OC8	
ARACNNNNNA				OC8	
GACGNNNNSKS				Bak13	
CNYCNNNNYC				Riv16	
CATCAATG	Bak13				
CATCNNNNCCC	OC8				
CCAANNNNNNNACC	Bak13				
CCWG			Temecula_1		
GCSWNNAWT			Bak8		
CNDDBRGT			Bak8		
TTCSA			Bak8,Riv19		
TSGAA			Bak8,Riv25,Temecula_1		
CMAA			Bak8		
CCAGNNNNNNNGCC			Riv16		
CAWCVCC			OC8		
CARC			Riv16	De_Donno,LA_Y3C	
CMAYBKC			LM10		
CANC			Bak8		
ACSNNG				LA_Y3C	
AGGSNNNYG				Oak_35874	
CCACNRNC				Oak_35874	
CCAGNNNNNNYG				De_Donno	
AWNNNNNNNNNMA				De_Donno	
GACNNNNNNNGTC		Red_Oak2,Filmore		Filmore	LM10,Filmore,Red_Oak2
CCCGGC		LM10			
TCANNNNNCTC		LM10,Oak_35874			LM10,Filmore,Oak_35874
CAWCNNNACC			Filmore		
AAVWNNNGCA			Riv19		
ACRYNNNNNTGT			De_Donno		
GVSAT			De_Donno		
TTCGMA			Riv19		
CCSG			LA_Y3C		
GATSNNNNNNATC			Temecula_1,Bak13		
TCGBCAYC			Riv16		
ATGVNNNNMAT			Bak13		
AGCA				Bak8,LM10	
GRNCY				LA_Y3C	
GTCNNNNNNRCT				Filmore	
CATGCA				Oak_35874	
ACSGT				Oak_35874	
CGCCNNNACC	Filmore				
GCCAGG	Bak13	De_Donno,Bak8,Bak13,Temecula_1	Bak13,Bak8,Temecula_1		Bak13,Bak8,De_Donno,Temecula_1
GACGNNNNNGTC	Riv25				
AAACAAAG	Riv25				
TGCNRCTG			Riv25		
CGYKNNNRGC			Riv19		
CAHC			Riv16		
CAVKGRC			OC8		
GGSCTKG			OC8		
GATVNNNNGCA			Bak13		
CSCGG			LA_Y3C		
CGAANNNNTC				Temecula_1	
CGTTNT				Riv25	
CANYGNTT				Riv16	
GSCNCNT				OC8	
CCAGNNNNNNGCC	OC8				
CTCTNNNNNNNCGC	Oak_35874				
CGTACG		LM10			LM10
CCTGGC		Bak13	Bak13,Bak8		
CWBVNNCAA			Riv25		
CATYG			Riv19		
CRSC			Bak8		
CTKBNNNNNMGC			LM10		
TWCG			LA_Y3C,Bak8,Red_Oak2		
CMAWWC			OC8		
CVYCA			OC8		
CAMCNNNNNNGGC			Temecula_1		
AGKVNNNTGA			LM10		
TNGANNMAG				LA_Y3C	
TACNNNNNT				De_Donno	
ACNCAC				OC8	
CCACNNNNNNAAC	Riv25				
TYCGA			Temecula_1		
CAANRCA			De_Donno		
CCSSG			Red_Oak2		
AVWA			Bak8		
CTCGC			De_Donno		
TGYANNNNNGCC			Riv16		
AGGCNNNNARC			Riv16		
GATTCAG			Riv16		
CAKVNNHMT			LA_Y3C		
GACGNNNNGTG			Bak13		
CAMYG			Oak_35874		
CCRT				Temecula_1	
TGGA				Red_Oak2,Riv25	
ACAG				Temecula_1	
CMAGSTCA				LM10	
GGCA				LM10	
GSCANNGNC				Riv16	
CACCNNNNCCA	Red_Oak2				
TCATNNNNNNNAAC	LM10				
CAAANNNNNNNCCA	OC8				
CAACNNNNNNGCC	Bak8				
ATCA			Riv25		
ATBNNNNNVAT			Temecula_1		
CARGSKC			De_Donno		
CRATGC			De_Donno		
ABYVYRAT			LA_Y3C		
CCAGGC			Bak13		
ADCCA			Oak_35874		
TCASNNNNCTC			Filmore		
AATNNNNNNATC			Temecula_1		
CAMCNNNNRCA			Riv25		
CVDSNNNACC			LA_Y3C		
CAAKCA			Riv19		
TRCKNNNNNTC				Red_Oak2	
TYGAANW				Riv25	
ATCYT				Oak_35874	
ACGCHNYG			Temecula_1		
CAVMNNNHTG			LA_Y3C		
AAWA			De_Donno		
CGHACG			LM10		
GYTC			OC8		
ACGYNNNNNTGT			De_Donno		
ARRAAA			Riv25		
CAACVYC			LA_Y3C		
CATCNNNNNNGGC			Riv19		
TTGANNANR				Filmore	
CGAG				Red_Oak2	
AAGANNNNNNNGGA	Red_Oak2				
CCCGG		Red_Oak2,LA_Y3C,Filmore	Filmore,LM10		
GAANNNNNNNTGT		LA_Y3C			LA_Y3C
GATCCA		Oak_35874			
TTCGAA	Riv19,Riv16	Riv19,Bak8,Bak13,Riv16	Bak13		Bak13,Bak8,Riv16,Riv19
CGHTNNSBT			Riv25		
AWNWGDT			Temecula_1		
CATYGBC			Temecula_1		
CAHGKGCA			De_Donno		
CASC			Riv25		
CCGGNNNNYAT			Riv16		
CACCNNNNNNRGC			Bak8		
CGWSNNNTTG			Oak_35874		
CAMSKGCA			De_Donno		
GAMBNNNNGTG			Temecula_1		
CAACNNNNCCG			Riv25		
ACVYAC			Bak8		
CGCAT				LA_Y3C	
CATGNNNNNWG				Bak8	
TRCGRC				Oak_35874	
ACSG				Oak_35874	
CAGGNNNTG				Bak13	
TACYGR				Riv16	
GNCC				Oak_35874,Riv25	
ATCATCAA	Temecula_1				
AAAAGAAC	Riv25				
GDCGNNNNNRWC			Riv25		
TCGRA			Riv25,Bak13		
ARYACAC			Riv16		
CGCTSA			LA_Y3C		
CAHT			LA_Y3C		
TCAHNNNNCTC			Filmore		
GACNNNNNNNNMTG				Temecula_1	
AGGNT				Temecula_1	
ATGGNR				Bak13	
GCGC				Riv16	
CAASNNNNNS				OC8	
ATCMNNNNRM				LM10	
GNNANNNNNNRC				Filmore	
CGACNNNNNNNCCA	Riv19				
TCATNNNNCTC	Oak_35874				
CAGANNNNNAAA	LM10				
ATCANNNNNNNCCC	Riv19				
CCAANNNNNNNCCA	De_Donno				
CAKYNNVKT			LA_Y3C		
CAMC			Bak13,Red_Oak2		
ANKCNNNNBAA			De_Donno		
CAGCAAYA			Riv16		
CAMGNNNCTC			LM10,Oak_35874		
CATC			LM10,LA_Y3C,Filmore		
CACCVSCA			Bak13		
CTBSA			Bak13		
AAVAA			OC8		
ASAC			OC8		
AGYRNNNTGA			Oak_35874		
CTGGC			De_Donno		
AAKKTTAA			Riv25		
CAVSNNNNTGG			LA_Y3C		
CAGSAWCG				Temecula_1	
CGGR				Red_Oak2	
CCGCNNNNGCC	Filmore				
CAAANNAAA	De_Donno				
GATGNNNNNNNTCC		Temecula_1			Temecula_1,Bak13,Bak8
GCCGNNNTGC			Riv16		
CGGG			LA_Y3C	LA_Y3C	
CACVNNNBGC			OC8		
ATGVNNNNNATC			Temecula_1		
CCTG			Temecula_1,Bak13,De_Donno		
ATNTTGG			Riv16		
TCCANNCC			LA_Y3C		
CNYRNNNNNC				Riv19	
CAYNNRNY				Riv19	
AACS				Oak_35874	
ACNBNNNGT		Temecula_1			
GAAMNNNNNNCTC			Red_Oak2		
AGKHNNTTG			Oak_35874		
AMCAC			Riv19		
ACCHNNKGT			Temecula_1		
CGWACG			LA_Y3C,Filmore,Red_Oak2		
TGNCCTG			Bak13		
CCARNNNNNNRCC			De_Donno		
CAMCGHC			Riv25		
CGSCNNNNNCHT			Riv16		
ARGCAA			Riv19		
TTCKA			Riv19		
CAMDAGC			Bak8		
CGTA			LA_Y3C,Red_Oak2,Oak_35874		
ACBSNNNNNSDG			Bak13		
GHVCTG			OC8		
ACGGNNNNNGTC			Filmore		
CMACNNNKNC			Temecula_1		
AYCA			Red_Oak2		
GAWNNNNNNNNNCCC				Temecula_1	
TNNCNNNNNNNAWC				Red_Oak2	
CGAA			Temecula_1,Bak8,Bak13,Riv16,Riv19	Riv25	
GAKNNNNNTGA				LM10	
CCGGG		Red_Oak2		Filmore	
CGGC			OC8,LM10	LM10	
CMWYGRCA			Temecula_1		
CABVNNNACC			LA_Y3C		
CAWCCWSA			OC8		
AABVNNNNNTGT			LA_Y3C		
ANCA			Bak8		
CMAAKSC			LM10		
CBWAC			LM10		
TCNGA				Riv25	
CNCSGA				Temecula_1	
ARGSWG				Riv16	
CCGY				LA_Y3C	
GMCANNNNGT				Bak13	
CAACNNNAAC	Oak_35874				
TCTTNNNNNNNCTC	Filmore				
ACAMNNNCAC		OC8			
ATCGATG					Bak13
CAAWST			Red_Oak2		
CAVC			Red_Oak2,Oak_35874		
CAVTNNNNNNGNC			OC8		
CWCA			OC8		
TCGNNNNNGGC			Riv19		
AYAA			Riv19		
ACAYNNNNNNTTC		LA_Y3C	LA_Y3C		LA_Y3C
CMMNNNNCTC			Filmore		
CAHCNNNNBCA			Bak8		
CARCNNMNC			Riv19		
CTCCTHGC			De_Donno		
ABYKNNNNNGSC			Riv16		
CAGBA			Bak13		
CAAKNNNNNNGYC			LM10		
TGADDTTG			LM10		
CAHCAACG			Riv19		
GAWG				Bak8	
CGSCNNNNTC				Filmore	
GATTNNNNNNGTC					LA_Y3C
AMCANNVCA			Red_Oak2		
AMGYMA			Riv25		
CAATNSCA			Riv16		
CDNVVBC			Bak8		
AAKGNNNVMA			Temecula_1		
AAVWWCA			Bak13		
TGCAA				Temecula_1	
AGACC		OC8		OC8	OC8
CGWACGNM				LA_Y3C	
CANY				LM10	
CACANA				Oak_35874	
CCAGNNCAA	Bak8				
ATCCNNNNAAT	LA_Y3C				
ATTWNNNNCWR		De_Donno			
GGANNNNNNNNATC					Temecula_1,Bak13,Bak8
CABHNNNNTG			LA_Y3C		
ANNSC			LA_Y3C		
CCRHCT			Filmore		
GCCG			LA_Y3C		
ACYSNNNBTC			Bak13		
ACGSNNNNNNTCA			LM10		
CGSA			Riv19		
TSATNNNNATC				Bak13	
CAGYG				Temecula_1	
GKCWNNNNNRAM				OC8	
GANG				OC8	
GTAWYGC				De_Donno	
GTCANNACC	LA_Y3C				
CADCKCA			Oak_35874		
CANTGNCA			Riv25		
CRGBTT			Riv25		
CTCA			Riv19		
ACSSKCRC			Temecula_1		
TTCSAA			Temecula_1		
GACNNNNNGTG		Bak8,Bak13,Temecula_1	Bak13,Bak8		Bak13,Bak8,Temecula_1
CAGG			Bak8,Bak13,Temecula_1	Bak8	
GCGA			Riv16		
CMWDBT			Riv19		
CTGG			LA_Y3C		
GGYC			OC8	Bak13	
ACYSNNHGT			Temecula_1		
CRBCHBC			De_Donno		
CGYGNNNNNVVC			Bak13		
CGTCG				Riv25	
AACACCA	Temecula_1				
AAGANNNNNNNAAC	LM10				
AACANNNCCA	Temecula_1				
CACNNNNNGTC		Temecula_1,Bak8,Bak13			Temecula_1,Bak13,Bak8
GATC			Oak_35874	Oak_35874	
CADMNNNNHYA			Riv25		
TTCRAA			Temecula_1,Riv19		
ANACCA			Filmore		
CANMNNNNT			De_Donno		
TACC			De_Donno		
AAACA			LA_Y3C		
ATCG			Oak_35874		
CAYCNNKAC			Temecula_1		
GTRC			Red_Oak2		
CCGG			LM10,LA_Y3C,Filmore	LM10,Red_Oak2	
ANSCNNNNNNNNAA				LA_Y3C	
GANNNNNNNNNNNA				Red_Oak2	
ACCG			De_Donno	OC8	
GTACGNTK				LM10	
CGWANNNNRCG				Oak_35874	
GTATNNNNNTGG				De_Donno	
TCGATA				Riv19	
ANCNNNNNNNRNA				Oak_35874	
CCCANNNNNCAC	Oak_35874				
ACAANNNNGAC	Temecula_1				
GCCANNNNNNNGGA	LA_Y3C				
CGCCNNNNNNNGCA	Temecula_1				
CATCNNNNNCGG	OC8				
GCASNNNNYCA		OC8			
ACACNNNNNNTTC		LA_Y3C			
GGATNNRAA			Riv25		
CCVANNNNNNNYGC			Temecula_1		
GACC			Temecula_1		
TVCG			Filmore		
AWCAA			Riv25		
AKCANNNNNNRCA			De_Donno		
ASCANNCAC			Riv19		
GACMNNNNNNGTC			LM10		
GTHACCG			LM10		
AYACC			LA_Y3C		
AHBSNNNNNATC			Bak13		
AAASAA			Riv25		
CGYCA				Bak13	
CSST				Riv16	
CCRGGRKS				LA_Y3C	
CATCNNNNNNCTC	Filmore				
GAGC					OC8
CGAWNNWWT			Temecula_1		
CADGNNBMT			LA_Y3C		
CYTCAA			Filmore		
CAWMNNNNCCA			Riv19		
AVCGCC			Riv19		
CAGKNNNNNNAA				Temecula_1	
CGNG				OC8	
CAGGNNCR				Temecula_1	
GACNNNNNR				Oak_35874	
TCGAWMNM				Riv16	
CACCACCC	Oak_35874				
CGTGNNNNNNNAGG	Bak8				
CGAANNNNCCG	De_Donno				
ARCAMC			OC8		
CCCKG			LA_Y3C		
GAGVNNNNTGA			Filmore		
GGCMA			Temecula_1		
ARYSNNNNNHGA			Red_Oak2		
CAHYGC			Bak13		
CADCWTBC			Oak_35874		
AARGNNNNBWC			LM10		
ATCAC			Riv19	Riv16	
CANNA				LM10	
CAANNNNCTC				Filmore	
AANTT				Red_Oak2	
CACCNNNNNNNACA	Red_Oak2				
CGACNNNNNNNTCG	Riv25				
AACANNNNNNNCAA	Bak13				
CATCGATA		Temecula_1			
GGADNNNNNNNATC		Bak13			
GACNNNNNNNATC					LA_Y3C
AHHHDNAA			Riv25		
ACVYNNNNAWT			Riv19		
ACAWNNNNNHGT			De_Donno		
ARBAMAC			Riv16		
CARKNNNNANR				Bak13	
ACAANNNNNNNCCA	Riv19				
ACATNNNAGC	Riv16				
CGCCNNNNNNNCCG	LM10				
CAACNNNNNNACC	OC8				
CAAKHKC			De_Donno		
CMWCG			De_Donno		
CAMCNNNNVCA			Riv25		
GAATNNNNGAA			Riv16		
CANHNNNNNNGNC			OC8		
AACGNNRCC			Bak8		
CMSC			LA_Y3C		
CCTC			Oak_35874		
ADCVNNCTC			Filmore		
ATTGNNNNNTTG			Riv16		
CAMRNNATG			Bak13		
CBYKVHGT			Bak13		
TCRAA			Bak13		
GACNNNNNNNNNRNC				Riv25	
CCGGNNNNNNNRNC				Filmore	
CARNNNNMTC				Oak_35874	
CATCNNNNCCA	Riv25,Filmore				
CAAANNACA	De_Donno				
GAGNNNNNTGA		Oak_35874,Filmore,LM10			Filmore,Oak_35874,LM10
GACNNNNNNGTC		Riv16,Riv25			Riv19,Riv16,Riv25
CCANNNNNNNRCC		De_Donno			De_Donno
CGWRCGC			Red_Oak2		
TCSAA			Riv25,Riv19,Bak13		
CGWA			Filmore,LM10		
AGDHNNNTG			LM10		
GHTCC			Oak_35874		
CAAC			Filmore,Riv16		
ABAYC			Temecula_1		
CGTASGC			LA_Y3C		
AHYG			LM10		
ACCAACMC			Riv19		
CAAG			Riv19	OC8	
CCAGNNNNNCGA				Temecula_1	
TATYNNNNA				De_Donno	
CCCCCCCC	Bak13				
CAATNNNNNNNCTC	Filmore				
CCAGNNNNNNNCCG	De_Donno				
ACCCNNCGC			Red_Oak2		
ATCCA			Oak_35874		
ACCNVMYA			OC8		
CSAAKVC			Riv25		
ATGVNNNNNNTCC			Temecula_1		
CAACNNNNAAC			De_Donno		
TGGC			De_Donno,Bak8,Bak13,Temecula_1		
CAMCNNNNAC			Riv25		
CVDWVMC			OC8		
GNCCNA				LA_Y3C	
ARNGNNNNSNC				De_Donno	
AWRA				OC8	
TCGA			Riv25,Temecula_1,Bak13	Riv19	
ACATNNNNNNNCTC	Oak_35874				
CCSGG		LA_Y3C,LM10	Red_Oak2	Filmore	Filmore,Red_Oak2,LA_Y3C,LM10
GASMNNNNTGA			Oak_35874		
CACATC			Oak_35874		
AAVMNNBYG			Riv25		
AHAYC			Temecula_1		
CAAAC			Bak13,LM10		
CARSNNCAC			De_Donno		
CRAMNNNWGC			Riv25		
CSAGG			De_Donno		
CTCANNNAGG			Riv16		
ATCVC			LA_Y3C		
CACCNNNNSTC			Bak13		
CHSA			OC8		
CGTWC			LM10,LA_Y3C		
CARTACC				OC8	
ATNTNNNNNATG				LM10	
ARCNK				LM10	
ATCY				Oak_35874	
CCCTNNNNNNNCGC	Riv25				
AACANNRCC			OC8		
CASCNNNNSCA			Riv16		
CANNNNNACC			Temecula_1		
CAVBNNNNTGG			LA_Y3C		
ATCDC			Filmore		
TGAGNNNNNNNNSGC			Riv16		
CATNSC			LA_Y3C		
GAKMNNNTTG			Filmore		
CAVYNNNGGC			LM10		
TAYNNMNC				De_Donno	
CWTSNNNNANG				Riv16	
CRMTG				Riv19	
TCAANNNNNNNACC	Oak_35874				
TCAGNNNNCTC	Oak_35874				
RGATCY		Oak_35874			Oak_35874
GCCGGC		LM10			LM10
CAHWTTC			Riv25		
CKKHAMC			Riv25		
ATCRVC			Riv19		
AMCA			Riv25		
CAMYNNGNG			Bak8		
CAVNNNNNNRYC			De_Donno		
TCADNNNNCWC			LM10		
CRMC			LM10,Temecula_1		
CYACAMC			Riv19		
TACG			Oak_35874	Red_Oak2,LA_Y3C	
CATGRNNS				Temecula_1	
GCYGRC				LM10	
TCGANNNNNT				Bak13	
TCGAA			Riv16	Riv16	
CYGGGT				LM10	
CCATNNNNNNNGGT	LA_Y3C				
CTCANNNNNACC	Red_Oak2				
CATTGATA	LM10				
ACANNNNNNNGTC		De_Donno			De_Donno
CAGNNNTAC			Filmore		
AAAANNNNNNNAMC			Riv25		
CHWCNNNBYC			De_Donno		
CGCMNNNNNCGC			LM10		
CHGC			LA_Y3C		
AADMNNMTC			Oak_35874		
AAAC			Red_Oak2		
AAAHDWA			Bak13		
AGNC				Riv25	
CNGTGNAC				Oak_35874	
CACBNNNNGTC		Bak8,Bak13			
CAMCNNNDYC			Oak_35874		
CTRHNNNNNNWTC			Riv25		
AAWSNNNNNATC			Bak8		
CAYMNNNNACA			OC8		
CCGHKBNC			Riv19		
CSYACG			Oak_35874		
TTGC			Oak_35874		
CCAGG			Temecula_1		
CCANNNNMHT			De_Donno		
CGCC			Red_Oak2		
CAMCDC			LM10		
ACGTCAGC			Riv19		
AAWTGT				Riv25	
GNATNNNNNNNNANC				Temecula_1	
CGKC				OC8	
TAWSNNAYS				Oak_35874	
AKNA				LM10	
AGSATG				Oak_35874	
CAACACCA	LA_Y3C				
CCACNNNNNNAGC	Temecula_1				
AGAHNNTCG			Riv25		
CAAGNNNCTC			Filmore		
CMYNNNNNNNNRCA			Temecula_1		
GYATNNNNVTG			De_Donno		
CANHNNSHT			De_Donno		
CSRCA			De_Donno		
CDTNSWCA			LM10		
CYGG			Red_Oak2		
ACADCA			Riv16		
ADBVNNMMC			LM10		
CSGGC			LM10		
AANTKWC				Riv25	
CCAGNNNNGC				Bak13	
ANNNNNNNNAGG				De_Donno	
TAYGNCT				Oak_35874	
ARGRNNNNGYC				De_Donno	
GCCGNNAAA	OC8				
AAGAAAAA	Filmore				
GGTCT		OC8	OC8		
GAGNNNNNNNTTC					Red_Oak2
AGCANNNNNNGCA			Oak_35874		
ARACNNNVBA			OC8		
GCCGWHTT			Riv25		
AYCRNNRCC			Temecula_1		
CRGC			Filmore,Riv25		
TTCGA			Riv25,Riv19,Riv16		
AGSGC			De_Donno		
CCAG			De_Donno,Bak13		
CAMCCC			LM10		
CTCANNNNVCA			Temecula_1		
CGHC			Temecula_1		
AASGNNNNNAAG			Temecula_1		
CAKVTWC			Riv16		
GCDTNNNNANA			Bak13		
CHKC			Bak13		
CRNHAC			LM10		
CSSC			LM10		
GNCTTYG				Bak13	
CRCTGGAR				Oak_35874	
GTACG				Oak_35874	
ATGNNA				Oak_35874	
CAATSNC				Filmore	
CAACACC	Temecula_1				
AATBGC			Riv19		
GGCCA			De_Donno		
GCSDNNNNNNNRGC			De_Donno		
CACCGDBA			Bak8		
AWGNNNNTGG			LA_Y3C		
AADC			OC8		
ACCRNNACC			LA_Y3C		
ACNNNNNNNNNNTYS				Temecula_1	
TGCNNNNYNG				Temecula_1	
CWNYG				OC8	
TCMDNNNNCTC			Oak_35874		
CTSGNNNNSAG			Temecula_1		
AACGNNNCAA			Temecula_1		
CCANNNNNNTRC			De_Donno		
TGARNNVBG			Bak8		
AMCBTC			Bak8		
CAKSMYC			LM10		
CYAC			LA_Y3C		
CAMCA			Riv16		
ANWANA				Riv25	
GSNANNNNNNCAG				OC8	
AANRNNNNGRM				LA_Y3C	
GGCSGC				Filmore	
AWNCNNNNNTG				LM10	
TCYW				Oak_35874	
AACCNNNNGCA	OC8				
GCCANNNNNNNGTG	Temecula_1				
ATTGNNNGGT	Bak8				
CGKACG			Red_Oak2		
GTWCG			Filmore		
ADCA			Riv16		
ACCANNNNNCRG			Temecula_1		
CAHYKCC			Temecula_1		
CMRGGGC			Temecula_1		
AARC			Filmore		
TCKA			Bak8		
ATGBNNNNVWT			Bak13		
CARYTC			Filmore		
CADYNNNNTGG			LA_Y3C		
CGYTSNTG				Riv25	
CSCG				Riv25	
ATCGNNNNCRC				Riv16	
CAGCNT				De_Donno	
AWNNNNCAM				OC8	
TSANNNNNNTSA				Filmore	
CCADNNNNNTGG		LA_Y3C			
GACNNNBVG		Bak13			
CSRSNNNNTCA			Riv25		
AANNTG			Riv25		
AMAWCA			Filmore		
CGBDNNNAMC			Temecula_1		
GTAC			Filmore,Oak_35874		
TGCANNNNNNCCT			Riv16		
AAATNNNNAGA			Riv16		
ATCGGCA			OC8		
GCAACTGC			LM10		
ACYSDSHG			Temecula_1		
AAAAWC			Riv16		
GMAGCK				Riv16	
CANCNW				Riv25	
CGWG				LM10	
ANCAG				Riv19	
TACTNNAAC	Riv19				
CAAVNNNAYC			Filmore		
GCAKNNTGA			Filmore		
AVSYNNNTRC			De_Donno		
CBTACG			LM10		
ATCMSKA			Oak_35874		
CACCNNNNNNMMC			LM10		
CRVSVNC			Bak8		
CCANG				Bak13	
CANTNNCMM				De_Donno	
TAYNNNTSC				Filmore	
GAGGNNGCT				Filmore	
GCCGNNNAAA	LA_Y3C				
GGCGNNNNCGG	Temecula_1				
CATCACCA	Bak8				
GACBNNNNNNGTC			Red_Oak2,Filmore		
CAAA			Filmore		
CAATST			Red_Oak2		
ATTCNNNRAT			Riv16		
CAAWNNNDTG			LA_Y3C		
CAMSKSC			OC8		
CAHTG			Temecula_1		
ACBHNNNNGTC			Riv25		
AATANNNRAA			Riv25		
CAABGC			LM10		
CGWC				OC8	
ACTTNNNNNNNCTC	Oak_35874				
TTCGNNHBC		Riv19			
GAANNNNNNNCTC					Red_Oak2
CACMCKC			De_Donno		
GCSATTG			OC8		
ATCYNNNNCGT			Oak_35874		
AGNATC			Oak_35874		
CRBCA			Bak13		
CCGCACC			LM10		
AWCCA			Oak_35874		
CNYR				LA_Y3C	
GYACNNSCM				Filmore	
CARANNNNRYR				Oak_35874	
CMCKA				Red_Oak2	
ATCCNNNNNNNCGC	Riv19				
CAATNNNNNNNGCA	Riv16				
AACG			Riv16		
GAWSNNNNKCA			Temecula_1		
CAYYGACA			Riv25		
CAWMMMC			Red_Oak2		
CAKTG			De_Donno		
CVRATGGT			Bak13		
CRCCMTC			Oak_35874		
GCCANNNNNG				Temecula_1	
GNCNTC				De_Donno	
AWRNNNNNGCM				Riv19	
GNCCGG				LM10	
GCCAGGA		De_Donno			
AAACKA			OC8		
CAKC			Filmore,Temecula_1		
ACAASSA			Riv25		
CGDGC			De_Donno		
GCCA			De_Donno,Bak8		
TWCGA			Bak13,Temecula_1		
AHBATC			LM10		
CAATNNNNGCA			Riv19		
CWCCNNNNMCA			Riv19		
CARYGY				Riv25	
CGGRNNNNA				Bak8	
GCYCNNKYG				Riv16	
CRAAANT				OC8	
TTANYRT				LA_Y3C	
TCRTNNNNNTCA				Oak_35874	
CAAS				LA_Y3C	
CCCCNNNCCC	Riv19				
GGATC		Oak_35874			
CMSATC			Riv25		
CVMCGMGT			Temecula_1		
CKTAC			Filmore,Oak_35874		
GACVNNNNNNGTC			LM10,Red_Oak2		
AGTHNNNTGA			Oak_35874		
ACMHNNNNGTC			Riv19		
ACNNNNNGTG				Bak8	
ATCMA				Riv16,Oak_35874	
CNCTNNNYNG				LA_Y3C	
GRWA				OC8	
GTACK				Oak_35874	
CCRRGMAA				Red_Oak2	
CACMTNNA			Riv16		
CCCG			Red_Oak2		
AAVDWCA			De_Donno		
CMNSSGC			De_Donno		
AGAC			OC8		
GGGC			Riv19		
ACRYC			LA_Y3C		
CACC			Temecula_1,Filmore,LA_Y3C,Riv19,De_Donno		
AMSRNNANC			Bak13		
CASGNNNNNYMA				Temecula_1	
CCATNNNNNNNGCA	LA_Y3C				
ACKYNNHGT			Temecula_1		
CAACAA			LA_Y3C		
GACDNNNNNGTC			Riv16		
CMYCNNNCAA			LM10		
GCATT			Oak_35874		
CCYG			Red_Oak2		
ATCYNNNYCA				OC8	
TGCTNNNNWT				OC8	
ATCNNNNANG				Oak_35874	
GGCGNNNNNNNGTG	Bak13				
CAAAAA	Filmore				
GACGNNNNNNNGTT	De_Donno				
CNWCA			Riv19		
CRSRNC			Bak13		
GAYMNNNNTGA			Filmore		
ADVRNNNNRSC			De_Donno		
AWGCC			De_Donno		
CTGANNNNCTG			Riv16		
CAMCYKCA			Temecula_1		
CABC			Red_Oak2		
CCAATG			Oak_35874		
CCABNNNNYTG			LA_Y3C		
GSABNNTSC			LM10		
CNAYNNNRGC				Riv25	
CRGGNNGAT				LA_Y3C	
GGRCY				Bak13	
AWKCACC			Riv16		
GMBCNNNWTG			Filmore		
AAAATRA			Riv25		
ATBDNNYTG			De_Donno		
AGBRNNNTGA			LM10		
CACCNNNHCC			Bak13		
CMTG			De_Donno		
ACTRGCA			Riv16		
CGGSA			LM10		
ACVYNNNNMWT			Riv19		
CAGK				Bak13	
CAWNNNNNNNNAA				Temecula_1	
CNTCNNNNNNGSC				LA_Y3C	
CAYNNNNNNNNNNK				Temecula_1	
CNNNG				Riv25	
CAAANNNYSR				LM10	
GCRACT				LM10	
ACGCWR				Oak_35874	
CARYNNNNNNNC				De_Donno	
CKNNMA				Bak13	
ANNNNNNNA				De_Donno	
CNTY				Oak_35874	
ANWNNNNNGNC				Oak_35874	
TCRTWWGY				Oak_35874	
GAAC				Oak_35874	
SCCGG		LM10			
GATCC		Oak_35874			
ATGVNNNNNWT			Temecula_1		
CAKKNNNTTG			LA_Y3C		
GTASGC			LA_Y3C		
AGGANNNNNAGG			Riv25		
AAACNNGGA			Riv25		
CGTAC			Red_Oak2		
ACSKWC			Bak8		
TCDCCA			De_Donno		
ATATNNNNNGCT			Riv16		
TCAC			Riv19		
ATSSC			LA_Y3C		
AACAC			LA_Y3C		
ADCANNNSTA			OC8		
CANHNNNNNNSYC			Oak_35874		
GWTCC			Oak_35874		
TCRANNNNNNNAWS				Temecula_1	
TYGCG				Red_Oak2	
CCGNRM				LA_Y3C	
GAWGNNNNNNNWGC				Temecula_1	
AAACAACA	Filmore,Bak8				
CAGCNNNNNNNCCA	De_Donno				
TCADNNNNCTC		Filmore			
CCAANNVCA			OC8		
ACCMNC			OC8		
CWTCA			OC8		
ACGVNNNNNCMG			Temecula_1		
CACSNNNNKYC			Temecula_1		
CRHRNNGTG			Temecula_1		
CAGGGCA			Bak13		
CMDSMTC			Temecula_1		
CCTGG			Temecula_1,De_Donno		
TGRC			Temecula_1		
CMVMAVC			Bak13		
AKCVYC			LM10		
CGRNNA				Temecula_1	
ATCANNNNNNTCC	Filmore				
CAGACC	OC8				
GCCANNNNATT	De_Donno				
GCCGNNNNNNGTG	LM10				
CCCCCC	Riv16				
CAYC			Red_Oak2,De_Donno,OC8,Riv25,Temecula_1		
AVCG			Riv19		
ACRYGMBG			Temecula_1		
CYCCT			Temecula_1		
GAVDNNNNTGA			LM10		
GACHNNNNGTG			Bak13		
GGCGGDG			Bak13		
CAATNNNCTC			Oak_35874		
CSARG				Temecula_1	
GATGT				OC8	
CWGC				Riv19	
CCAANNNAGC	Red_Oak2				
CAGCNNNNNNACC	Riv19				
ACCGGGAT	LA_Y3C				
CCCCCCC	Bak8				
AAHAACG			Riv25		
CASCRCC			Bak13		
GCCNT			De_Donno		
CNKGHMC			Riv25		
TGCC			De_Donno		
CAGDCA			Riv19		
CARNSNCA				De_Donno	
ACRNYGNNNNSTWYNSC				De_Donno	
CAAACACA	Red_Oak2				
CAAANNNNNGCA	LM10				
CATSNNNNNNBWC			Riv25		
ADCSNNCTC			Filmore		
GACKNNNNNGTC			Riv16		
CAAT			Filmore		
ATCGT			Bak8		
CACCGBBA			Bak13		
CATSNNNNCCA			Riv16		
CATTG			Riv16		
CCARNNNNHTG			LA_Y3C		
ARMVNNNNNNNDGC			LM10		
GSCGG			LM10		
AARWC				Riv25	
CAGYA				Riv25	
TTRCNNNNG				Riv16	
CCCCNNNNNNCCC	Riv25				
TCAANNNNCTC	Filmore			Oak_35874	
GACNNNNNNNTGT					De_Donno
TWCVA			Riv25		
TCGC			Temecula_1		
CAAHKC			LA_Y3C		
ACAVNNNNNNGTC			De_Donno		
ACSWNNNNGTC			Riv25		
AAKTNNAAC			Riv25		
CGMAWBC			Bak8		
ADMNNNNTGC			De_Donno		
GTGAVG			Bak13		
AACA			Riv25,OC8		
AGKTNNHTG			Oak_35874		
GTACNNNNR				Oak_35874	
CAACNNNNNNNACA	Riv19				
AGTGNNNNGGA	LA_Y3C				
CAACNNNNNNNACG	Riv25				
ACAACAAA	De_Donno				
GGAANNNNNNNATC		Bak13			
ATCAA			Red_Oak2		
GHMA			Riv19		
GACVNNNNNNATC			LA_Y3C		
CTCCTNGC			De_Donno		
CRTC			Riv19		
ATCMNNNNCA			Oak_35874		
CAWBNNNCT			Oak_35874		
AVAYVAMC			Temecula_1		
AYBNCA			Red_Oak2		
ACBSNNNNTSG			Bak13		
TKGA				Bak13	
CCNS				LA_Y3C	
CGGSNNNG				Filmore	
GRYANNNNNNNNGWS				De_Donno	
CANNNNNNNGTC				De_Donno	
CGCTG				Oak_35874	
AACANNNNNGGT	Temecula_1				
GGYANNNNNNTG		De_Donno			
CMAKSGC			Red_Oak2		
AVCA			Riv25		
AVRCGCA			Riv19		
CMWC			Riv19		
AYMBNNNNNBRA			Temecula_1		
CAMCNNNKHC			LA_Y3C		
CAMHSRC			Filmore		
GBAC			LA_Y3C		
ACADNNNNNBGT			De_Donno		
CGCATC			LA_Y3C		
CNCGGNA				LA_Y3C	
AYCNAC				OC8	
CACANNNNNNNCAC	Bak8				
AAACAAC	LA_Y3C				
GGYANNNNNNTGG					De_Donno
CGAC			Riv25		
CAMMNNNCKC			Filmore		
CAAMDWC			Filmore		
CAAMNNNBGC			Riv25		
GATCA			Bak8		
CADNNNNNNNYCG			De_Donno		
CARNNNNYSG			De_Donno		
ATSC			Oak_35874		
CCSSNNNCCA			Temecula_1		
CRCSNNCCA			Temecula_1		
CACCHHC			Riv25		
AGGCCA			Riv25		
GACNNNNNNNGNC				Bak13	
TCMGNNNNSTG				OC8	
AAGNNNNSNA				Riv25	
CCCNCG				LM10	
GANNNNNGNG				Riv16	
TCYGNW				Oak_35874	
ACADNNNNNNGTC		De_Donno			
CAYSNNNNYCA			Riv16		
GAYNNNNNNNATC			Temecula_1		
CMSKGC			Filmore		
GCARC			De_Donno		
ACCA			De_Donno,Bak8		
AGAYCA			LA_Y3C		
TCGKNNNAGG			Bak13		
ACYSGC			Bak13		
AWTGNNNGAA			Riv25		
AAGKMA			Riv25		
ATKNNNNNNNNTT				Bak13	
GGCC				LA_Y3C	
CCASG				Bak8	
AGCGTMCK				Oak_35874	
CRNR				Red_Oak2	
GGATCYA				Oak_35874	
CACCNNNNCAC	Riv19				
AACANNNNNNGTT	Filmore				
CAACNNNNNNNCCA	Riv16				
ACGGNNNAAC	Bak13				
CSTAC			Red_Oak2,Oak_35874		
CABRNNNNNMA			Riv25		
AANAC			Riv25		
GGCGGRG			Temecula_1		
AVCDC			Riv25		
CMKRGNC			Bak8		
AAAA			Riv16,OC8		
AYKSNNNTGG			De_Donno		
AGGANNA				Bak13	
AKGCNNNNNYYR				De_Donno	
CAAANNNNNAAA	LM10				
GGAAAAAG	Filmore				
ACCANNNVC			OC8		
CAGYNNNGCC			Bak8		
GWHANNGHC			De_Donno		
AWTGNNWTG			De_Donno		
TCSCC			De_Donno		
CAAHNNNNCCA			Filmore		
AAAATAA			Temecula_1		
GWAC			LM10		
CCGRNNWCR				OC8	
GANANNNNTNA				LA_Y3C	
CGRG				Riv16	
TAYYNNNNNNG				LM10	
TSAKNNNNCTS				Filmore	
CARNG				Oak_35874	
CAGANNNNNNNACG	Red_Oak2				
CAGCNNNNTCA	Bak13				
GTGCNNNAGG	De_Donno				
AWCRCC			Red_Oak2		
TCABNNNNCTC			Filmore		
ARDCNNNDCG			Riv19		
ADCYNNNNGTC			De_Donno		
AHAAA			De_Donno,OC8		
CTAKNNAGG			Riv16		
ATAAA			OC8,De_Donno		
TGCWTVTG			LA_Y3C		
GACVNNNNGTG			Temecula_1		
GYATNNNNRTG			De_Donno		
AAAANNNNSMA			Riv25		
CMAGG				Bak8	
GNCNNNNGNG				LA_Y3C	
AWAWNNNNNSMK				De_Donno	
CAAANNNNNCAG	LM10				
ACCCNNNNNNACC	Red_Oak2				
CACCNNNNNCGG	Red_Oak2				
GGAANNNNCCG	LM10				
CAACNNNNNNNCGC	Riv16				
TCABNNNNCKC			Oak_35874		
GACSNNNNNGTC			Riv16		
GCATNNTGC			LA_Y3C		
AYSRWC			Bak8		
AGATNNNNNGAT			Riv16		
CNVC			OC8		
TTKCTKG				LA_Y3C	
GACCAA				OC8	
TACGG				LA_Y3C	
CWWCNNCAR				Riv19	
CCKGNNNNR				LM10	
TCAANNNNNNCCC	Oak_35874				
TGACNNNNNNNGAA	LM10				
GAAHNNNNNNCTC		Red_Oak2			
CATCGAT					Bak13
ACVVNNNSGT			Riv25		
AAAAA			Riv25		
CANCA			Riv16		
AACDNNATC			Bak8		
GATGNNNNNNATC			Bak8,Bak13		
CAWC			Oak_35874		
AABHNNNNCA			Riv16		
CCDKC			LM10		
GRCC				OC8	
AACANNGCC	Temecula_1				
CRAA			Riv25		
CACTBCAA			Temecula_1		
CMTCG			De_Donno		
CARYYSC			OC8		
GTSCGGC			Oak_35874		
CARCNNNDYG			De_Donno		
ACVNSC			Temecula_1		
AADKAA			Red_Oak2		
TTCGNNWBC			Bak13		
TATT				Temecula_1	
CAGM				OC8	
TTGATNT				Filmore	
CCACNNNNNNCCA	Riv16				
ACAACAAT	Riv25				
ACAGNNNATC	Bak13				
GAAANNNNNNTGT		LA_Y3C			
ANNGNNNTRC			De_Donno		
AAMVACA			Red_Oak2		
CAKTRCG			LA_Y3C		
ARSYC			Oak_35874		
TCGAANA				Riv25	
CWGGNNNNNNNG				Bak13	
CGACNR				OC8	
TSNANNNSCW				Riv19	
TACGNYNA				Oak_35874	
